{
  "variable_specs": {
    "u": 21,
    "v": 21,
    "r": 21,
    "t": 21,
    "gh": 21,
    "2t": 1,
    "10u": 1,
    "10v": 1,
    "prmsl": 1,
    "tsk": 1
  },
  "total_channels": 110,
  "lats": 181,
  "lons": 360,
  "means": {
    "u": [
      [
        [
          0.01257446193382597
        ]
      ],
      [
        [
          0.2461984007135761
        ]
      ],
      [
        [
          0.4542669947762834
        ]
      ],
      [
        [
          0.6489307005500143
        ]
      ],
      [
        [
          0.8798826048746335
        ]
      ],
      [
        [
          1.4488434747578212
        ]
      ],
      [
        [
          2.0899122076927554
        ]
      ],
      [
        [
          2.7413690945288405
        ]
      ],
      [
        [
          3.401861124603661
        ]
      ],
      [
        [
          4.102793285314247
        ]
      ],
      [
        [
          4.847568570478156
        ]
      ],
      [
        [
          5.656915921619282
        ]
      ],
      [
        [
          6.54746707945648
        ]
      ],
      [
        [
          7.558556444728873
        ]
      ],
      [
        [
          8.74451099287058
        ]
      ],
      [
        [
          10.144210919618683
        ]
      ],
      [
        [
          11.722925874635669
        ]
      ],
      [
        [
          13.26386390120095
        ]
      ],
      [
        [
          14.190467486610997
        ]
      ],
      [
        [
          13.649788325712176
        ]
      ],
      [
        [
          10.509939857698626
        ]
      ]
    ],
    "v": [
      [
        [
          0.15631932554921088
        ]
      ],
      [
        [
          0.1589040041224535
        ]
      ],
      [
        [
          0.18487985434656423
        ]
      ],
      [
        [
          0.20139371568677278
        ]
      ],
      [
        [
          0.1960797919908501
        ]
      ],
      [
        [
          0.14762358320221933
        ]
      ],
      [
        [
          0.10235485044207557
        ]
      ],
      [
        [
          0.06101473658642716
        ]
      ],
      [
        [
          0.020062393653105703
        ]
      ],
      [
        [
          -0.01430052256085429
        ]
      ],
      [
        [
          -0.027582807944784286
        ]
      ],
      [
        [
          -0.03484422111963215
        ]
      ],
      [
        [
          -0.03434207955389409
        ]
      ],
      [
        [
          -0.0250635142926226
        ]
      ],
      [
        [
          -0.011450932890015756
        ]
      ],
      [
        [
          -0.00583404991868229
        ]
      ],
      [
        [
          -0.013770781713458937
        ]
      ],
      [
        [
          -0.03241464093554407
        ]
      ],
      [
        [
          -0.04710605403515459
        ]
      ],
      [
        [
          -0.02730771971545485
        ]
      ],
      [
        [
          0.007074741786847071
        ]
      ]
    ],
    "r": [
      [
        [
          75.88652111672974
        ]
      ],
      [
        [
          77.56999700321954
        ]
      ],
      [
        [
          78.71065938486508
        ]
      ],
      [
        [
          78.4550396116837
        ]
      ],
      [
        [
          76.45746881285582
        ]
      ],
      [
        [
          70.00569901447469
        ]
      ],
      [
        [
          63.343078530998646
        ]
      ],
      [
        [
          59.16633620626101
        ]
      ],
      [
        [
          56.44328266591691
        ]
      ],
      [
        [
          54.29221409762584
        ]
      ],
      [
        [
          52.73806040514139
        ]
      ],
      [
        [
          51.82483126367512
        ]
      ],
      [
        [
          51.341203394313695
        ]
      ],
      [
        [
          51.80894284627515
        ]
      ],
      [
        [
          53.14129942630066
        ]
      ],
      [
        [
          55.01165080963442
        ]
      ],
      [
        [
          54.361895475695945
        ]
      ],
      [
        [
          47.34895551615898
        ]
      ],
      [
        [
          34.76064644460951
        ]
      ],
      [
        [
          24.70133917916657
        ]
      ],
      [
        [
          22.403083457526964
        ]
      ]
    ],
    "t": [
      [
        [
          281.11220500730343
        ]
      ],
      [
        [
          279.79843087065365
        ]
      ],
      [
        [
          278.62872540119037
        ]
      ],
      [
        [
          277.55607745915637
        ]
      ],
      [
        [
          276.5745100789734
        ]
      ],
      [
        [
          274.7046469045539
        ]
      ],
      [
        [
          272.68897249930353
        ]
      ],
      [
        [
          270.2992157395621
        ]
      ],
      [
        [
          267.5931317488155
        ]
      ],
      [
        [
          264.7201183028288
        ]
      ],
      [
        [
          261.5117581551335
        ]
      ],
      [
        [
          257.70959090052276
        ]
      ],
      [
        [
          253.33650176812446
        ]
      ],
      [
        [
          248.34073537854164
        ]
      ],
      [
        [
          242.62903849336033
        ]
      ],
      [
        [
          236.16508114396296
        ]
      ],
      [
        [
          229.2578919548734
        ]
      ],
      [
        [
          223.04232908782492
        ]
      ],
      [
        [
          218.1746657540114
        ]
      ],
      [
        [
          213.4678302504076
        ]
      ],
      [
        [
          208.49669944504964
        ]
      ]
    ],
    "gh": [
      [
        [
          83.07376397291968
        ]
      ],
      [
        [
          291.19166773338367
        ]
      ],
      [
        [
          504.0633008500964
        ]
      ],
      [
        [
          721.8085213696615
        ]
      ],
      [
        [
          944.7098603784848
        ]
      ],
      [
        [
          1407.2181417330341
        ]
      ],
      [
        [
          1894.1410928625498
        ]
      ],
      [
        [
          2408.0944721538385
        ]
      ],
      [
        [
          2952.149998255381
        ]
      ],
      [
        [
          3530.2788115161807
        ]
      ],
      [
        [
          4147.47973404839
        ]
      ],
      [
        [
          4809.317845885071
        ]
      ],
      [
        [
          5522.665811556022
        ]
      ],
      [
        [
          6296.64070203259
        ]
      ],
      [
        [
          7143.2559300451785
        ]
      ],
      [
        [
          8079.057289231995
        ]
      ],
      [
        [
          9128.823480842242
        ]
      ],
      [
        [
          10334.730274044521
        ]
      ],
      [
        [
          11774.46567708656
        ]
      ],
      [
        [
          13591.595013409831
        ]
      ],
      [
        [
          16091.44578008017
        ]
      ]
    ],
    "2t": [
      [
        [
          279.02544490935634
        ]
      ]
    ],
    "10u": [
      [
        [
          -0.016532966253415604
        ]
      ]
    ],
    "10v": [
      [
        [
          0.1520802276255824
        ]
      ]
    ],
    "prmsl": [
      [
        [
          101012.3479104188
        ]
      ]
    ],
    "tsk": [
      [
        [
          279.25303734600203
        ]
      ]
    ]
  },